date,cpi_combined,wpi_all,wpi_fuel,wpi_manufacturing,wpi_primary,wpi_all_yoy,wpi_primary_yoy,wpi_fuel_yoy,wpi_manufacturing_yoy,output_ppi,output_ppi_yoy,cpi_rural,cpi_urban,cpi_rural_food_x,cpi_rural_food_y
01-01-2013,104.6,,,,,,,,,,,,,,
01-02-2013,105.3,,,,,,,,,,,,,,
01-03-2013,105.5,,,,,,,,,,,,,,
01-04-2013,106.1,,,,,,,,,,,,,,
01-05-2013,106.9,,,,,,,,,,,,,,
01-06-2013,109.3,,,,,,,,,,,,,,
01-07-2013,111,,,,,,,,,,,,,,
01-08-2013,112.4,,,,,,,,,,,,,,
01-09-2013,113.7,,,,,,,,,,,,,,
01-10-2013,114.8,,,,,,,,,,,,,,
01-11-2013,116.3,,,,,,,,,,,,,,
01-12-2013,114.5,,,,,,,,,,,,,,
01-01-2014,113.6,,,,,,,,,,,,,,
01-02-2014,113.6,,,,,,,,,,,,,,
01-03-2014,114.2,,,,,,,,,,,,,,
01-04-2014,115.1,,,,,,,,,,,,,,
01-05-2014,115.8,,,,,,,,,,,,,,
01-06-2014,116.7,,,,,,,,,,,,,,
01-07-2014,119.2,,,,,,,,,,,,,,
01-08-2014,120.3,,,,,,,,,,,,,,
01-09-2014,120.1,,,,,,,,,,,,,,
01-10-2014,120.1,,,,,,,,,,,,,,
01-11-2014,120.1,,,,,,,,,,,,,,
01-12-2014,119.4,,,,,,,,,,,,,,
01-01-2015,119.5,,,,,,,,,,,,,,
01-02-2015,119.7,,,,,,,,,,,,,,
01-03-2015,120.2,,,,,,,,,,,,,,
01-04-2015,120.7,,,,,,,,,,,,,,
01-05-2015,121.6,,,,,,,,,,,,,,
01-06-2015,123,,,,,,,,,,,,,,
01-07-2015,123.6,,,,,,,,,,,,,,
01-08-2015,124.8,,,,,,,,,,,,,,
01-09-2015,125.4,,,,,,,,,,,,,,
01-10-2015,126.1,,,,,,,,,,,,,,
01-11-2015,126.6,,,,,,,,,,,,,,
01-12-2015,126.1,,,,,,,,,,,,,,
01-01-2016,126.3,,,,,,,,,,,,,,
01-02-2016,126,,,,,,,,,,,,,,
01-03-2016,126,,,,,,,,,,,,,,
01-04-2016,127.3,,,,,,,,,,,,,,
01-05-2016,128.6,,,,,,,,,,,,,,
01-06-2016,130.1,,,,,,,,,,,,,,
01-07-2016,131.1,,,,,,,,,,,,,,
01-08-2016,131.1,,,,,,,,,,,,,,
01-09-2016,130.9,,,,,,,,,,,,,,
01-10-2016,131.4,,,,,,,,,,,,,,
01-11-2016,131.2,,,,,,,,,,,,,,
01-12-2016,130.4,,,,,,,,,,,,,,
01-01-2017,130.3,,,,,,,,,,,,,,
01-02-2017,130.6,,,,,,,,,,,,,,
01-03-2017,130.9,,,,,,,,,,,,,,
01-04-2017,131.1,,,,,,,,,,,,,,
01-05-2017,131.4,,,,,,,,,,,,,,
01-06-2017,132,,,,,,,,,,,,,,
01-07-2017,134.2,,,,,,,,,,,,,,
01-08-2017,135.4,,,,,,,,,,,,,,
01-09-2017,135.2,,,,,,,,,,,,,,
01-10-2017,136.1,,,,,,,,,,,,,,
01-11-2017,137.6,,,,,,,,,,,,,,
01-12-2017,137.2,,,,,,,,,,,,,,
01-01-2018,136.9,,,,,,,,,,,,,,
01-02-2018,136.4,,,,,,,,,,,,,,
01-03-2018,136.5,,,,,,,,,,,,,,
01-04-2018,137.1,,,,,,,,,,,,,,
01-05-2018,137.8,,,,,,,,,,,,,,
01-06-2018,138.5,,,,,,,,,,,,,,
01-07-2018,139.8,,,,,,,,,,,,,,
01-08-2018,140.4,,,,,,,,,,,,,,
01-09-2018,140.2,,,,,,,,,,,,,,
01-10-2018,140.7,,,,,,,,,,,,,,
01-11-2018,140.8,,,,,,,,,,,,,,
01-12-2018,140.1,,,,,,,,,,,,,,
01-01-2019,139.6,,,,,,,,,,,,,,
01-02-2019,139.9,,,,,,,,,,,,,,
01-03-2019,140.4,,,,,,,,,,,,,,
01-04-2019,141.2,,,,,,,,,,,,,,
01-05-2019,142,,,,,,,,,,,,,,
01-06-2019,142.9,,,,,,,,,,,,,,
01-07-2019,144.2,,,,,,,,,,,,,,
01-08-2019,145,,,,,,,,,,,,,,
01-09-2019,145.8,,,,,,,,,,,,,,
01-10-2019,147.2,,,,,,,,,,,,,,
01-11-2019,148.6,,,,,,,,,,,,,,
01-12-2019,150.4,,,,,,,,,,,,,,
01-01-2020,150.2,,,,,,,,,,,,,,
01-02-2020,149.1,,,,,,,,,,,,,,
01-03-2020,148.6,,,,,,,,,,,,,,
01-04-2020,151.4,,,,,,,,,,,,,,
01-05-2020,150.9,,,,,,,,,,,,,,
01-06-2020,151.8,,,,,,,,,,,,,,
01-07-2020,153.9,,,,,,,,,,,,,,
01-08-2020,154.7,,,,,,,,,,,,,,
01-09-2020,156.4,,,,,,,,,,,,,,
01-10-2020,158.4,,,,,,,,,,,,,,
01-11-2020,158.9,,,,,,,,,,,,,,
01-12-2020,157.3,,,,,,,,,,,,,,
01-01-2021,156.3,,,,,,,,,,,,,,
01-02-2021,156.6,,,,,,,,,,,,,,
01-03-2021,156.8,,,,,,,,,,,,,,
01-04-2021,157.8,,,,,,,,,,,,,,
01-05-2021,160.4,,,,,,,,,,,,,,
01-06-2021,161.3,,,,,,,,,,,,,,
01-07-2021,162.5,,,,,,,,,,,,,,
01-08-2021,162.9,,,,,,,,,,,,,,
01-09-2021,163.2,,,,,,,,,,,,,,
01-10-2021,165.5,,,,,,,,,,,,,,
01-11-2021,166.7,,,,,,,,,,,,,,
01-12-2021,166.2,,,,,,,,,,,,,,
01-01-2022,165.7,,,,,,,,,,,,,,
01-02-2022,166.1,,,,,,,,,,,,,,
01-03-2022,167.7,,,,,,,,,,,,,,
01-04-2022,170.1,,,,,,,,,,,,,,
01-05-2022,171.7,,,,,,,,,,,,,,
01-06-2022,172.6,,,,,,,,,,,,,,
01-07-2022,173.4,,,,,,,,,,,,,,
01-08-2022,174.3,,,,,,,,,,,,,,
01-09-2022,175.3,,,,,,,,,,,,,,
01-10-2022,176.7,,,,,,,,,,,,,,
01-11-2022,176.5,,,,,,,,,,,,,,
01-12-2022,175.7,,,,,,,,,,,,,,
01-01-2023,176.5,,,,,,,,,,,,,,
01-02-2023,176.8,,,,,,,,,,,,,,
01-03-2023,177.2,,,,,,,,,,,,,,
01-04-2023,178.1,99,94,99.1,102,,,,,99.1,,,,,
01-05-2023,179.1,98.6,91.4,98.9,102.3,,,,,98.6,,,,,
01-06-2023,181,98.3,90.5,98.2,103.3,,,,,98.2,,,,,
01-07-2023,186.3,99.1,90.6,97.8,107.9,,,,,99.1,,,,,
01-08-2023,186.2,99.5,91.8,98.1,108,,,,,99.4,,,,,
01-09-2023,184.1,99.6,94.2,98.3,106.4,,,,,99.6,,,,,
01-10-2023,185.3,100.1,95.2,98.4,107.8,,,,,100,,,,,
01-11-2023,186.3,100.1,94.2,98.2,108.9,,,,,99.9,,,,,
01-12-2023,185.7,99.4,93.5,97.9,107.2,,,,,99.2,,,,,
01-01-2024,185.5,99.3,93.7,97.7,107.4,,,,,99.2,,,,,
01-02-2024,185.8,99.3,93.6,97.4,107.9,,,,,99.2,,,,,
01-03-2024,185.8,99.4,93.3,97.7,108.1,,,,,99.2,,,,,
01-04-2024,186.7,99.9,92,98.5,108.8,0.909090909,6.666666667,-2.127659574,-0.605449041,99.7,0.605449041,,,,
01-05-2024,187.7,100.4,91.7,98.9,110.1,1.825557809,7.624633431,0.328227571,0,100.1,1.521298174,,,,
01-06-2024,190.2,100.7,89.9,99.1,111.8,2.441505595,8.228460794,-0.662983425,0.916496945,100.4,2.240325866,,,,
01-07-2024,193,101,91.2,98.8,113.1,1.917255298,4.819277108,0.662251656,1.022494888,100.8,1.715438951,,,,
01-08-2024,193,100.8,90.9,98.4,113.8,1.306532663,5.37037037,-0.980392157,0.305810398,100.7,1.307847082,,,,
01-09-2024,194.2,101.2,90.1,98.6,115.4,1.606425703,8.458646617,-4.352441614,0.305188199,101,1.40562249,,,,
01-10-2024,196.8,102.1,90.6,99.2,117.1,1.998001998,8.627087199,-4.831932773,0.81300813,101.8,1.8,,,,
01-11-2024,196.5,102.1,91.1,99.2,117.1,1.998001998,7.529843893,-3.290870488,1.018329939,102,2.102102102,,,,
01-12-2024,195.4,101.6,91.4,98.9,115.2,2.213279678,7.462686567,-2.245989305,1.02145046,101.5,2.318548387,,,,
01-01-2025,193.4,101.1,91.5,99.2,112.2,1.812688822,4.469273743,-2.34791889,1.53531218,101.2,2.016129032,101.81,101.49,101.81,101.81
01-02-2025,192.5,100.9,92.1,99.6,109.8,1.611278953,1.760889713,-1.602564103,2.258726899,101,1.814516129,101.33,101.3,101.33,101.33
01-03-2025,192,100.6,90.6,99.9,108.6,1.207243461,0.46253469,-2.893890675,2.251791198,100.7,1.512096774,101.34,101.47,101.34,101.34
01-04-2025,192.6,100.5,88.8,100.3,108.5,0.600600601,-0.275735294,-3.47826087,1.827411168,100.5,0.802407222,101.49,101.71,101.49,101.49
01-05-2025,193,100.2,86.7,100.3,108.3,-0.199203187,-1.634877384,-5.452562704,1.415571284,100.2,0.0999001,101.78,102.06,101.78,101.78
01-06-2025,194.2,100.3,87.2,100.3,108.5,-0.397219464,-2.951699463,-3.003337041,1.210898083,100.3,-0.099601594,102.39,102.66,102.39,102.39
01-07-2025,196.1,100.2,87.8,100.1,108,-0.792079208,-4.50928382,-3.728070175,1.315789474,100.3,-0.496031746,103.34,103.36,103.34,103.34
01-08-2025,197,100.8,88.1,100.4,109.6,0,-3.690685413,-3.080308031,2.032520325,100.9,0.198609732,103.84,103.6,103.84,103.84
01-09-2025,197,101,87.8,100.4,110.7,-0.197628458,-4.072790295,-2.552719201,1.825557809,101,0,103.8,103.66,103.8,103.8
01-10-2025,197.3,100.9,87.1,100.6,110.4,-1.175318315,-5.721605465,-3.863134658,1.411290323,101.1,-0.68762279,103.85,103.61,103.85,103.85
01-11-2025,197.9,101.5,88.4,100.6,112.3,-0.587659158,-4.099060632,-2.96377607,1.411290323,101.7,-0.294117647,104.16,103.83,104.16,104.16
01-12-2025,198,101.9,89,101.1,112,0.295275591,-2.777777778,-2.625820569,2.224469161,102.1,0.591133005,104.19,103.98,104.19,104.19
01-01-2026,,102.3,88,102,112.1,1.18694362,-0.08912656,-3.825136612,2.822580645,102.6,1.383399209,104.59,104.28,104.59,104.59
01-02-2026,,103.1,89,103.2,111.6,2.180376611,1.639344262,-3.365906623,3.614457831,103.3,2.277227723,104.74,104.36,104.74,104.74
01-03-2026,,104.6,93.5,104.7,111.4,3.976143141,2.578268877,3.200883002,4.804804805,104.9,4.170804369,105.02,104.62,105.02,105.02
01-04-2026,,108.9,111,107,112.8,8.358208955,3.963133641,25,6.67996012,108.8,8.258706468,105.28,104.92,105.28,105.28
01-05-2026,,110.1,113.4,108,114,9.880239521,5.263157895,30.79584775,7.676969093,109.9,9.680638723,106.11,105.66,106.11,106.11
01-06-2026,,110.2,111.1,107.8,116.1,9.870388833,7.004608295,27.40825688,7.477567298,109.9,9.571286142,107.24,106.69,107.24,107.24
01-07-2026,,110,105.4,108.4,117.2,9.780439122,8.518518519,20.04555809,8.291708292,109.9,9.571286142,108.34,107.45,108.34,108.34
