baseyear,year,month_code,month,state,sector,group,subgroup,index,inflation,status,value
2012,2025,12,December,All India,Combined,General,General-Overall,198.0,1.33,F,198
2012,2025,11,November,All India,Combined,General,General-Overall,197.9,0.71,F,197.9
2012,2025,10,October,All India,Combined,General,General-Overall,197.3,0.25,F,197.3
2012,2025,9,September,All India,Combined,General,General-Overall,197.0,1.44,F,197
2012,2025,8,August,All India,Combined,General,General-Overall,197.0,2.07,F,197
2012,2025,7,July,All India,Combined,General,General-Overall,196.1,1.61,F,196.1
2012,2025,6,June,All India,Combined,General,General-Overall,194.2,2.10,F,194.2
2012,2025,5,May,All India,Combined,General,General-Overall,193.0,2.82,F,193
2012,2025,4,April,All India,Combined,General,General-Overall,192.6,3.16,F,192.6
2012,2025,3,March,All India,Combined,General,General-Overall,192.0,3.34,F,192
2012,2025,2,February,All India,Combined,General,General-Overall,192.5,3.61,F,192.5
2012,2025,1,January,All India,Combined,General,General-Overall,193.4,4.26,F,193.4
2012,2024,12,December,All India,Combined,General,General-Overall,195.4,5.22,F,195.4
2012,2024,11,November,All India,Combined,General,General-Overall,196.5,5.48,F,196.5
2012,2024,10,October,All India,Combined,General,General-Overall,196.8,6.21,F,196.8
2012,2024,9,September,All India,Combined,General,General-Overall,194.2,5.49,F,194.2
2012,2024,8,August,All India,Combined,General,General-Overall,193.0,3.65,F,193
2012,2024,7,July,All India,Combined,General,General-Overall,193.0,3.60,F,193
2012,2024,6,June,All India,Combined,General,General-Overall,190.2,5.08,F,190.2
2012,2024,5,May,All India,Combined,General,General-Overall,187.7,4.80,F,187.7
2012,2024,4,April,All India,Combined,General,General-Overall,186.7,4.83,F,186.7
2012,2024,3,March,All India,Combined,General,General-Overall,185.8,4.85,F,185.8
2012,2024,2,February,All India,Combined,General,General-Overall,185.8,5.09,F,185.8
2012,2024,1,January,All India,Combined,General,General-Overall,185.5,5.10,F,185.5
2012,2023,12,December,All India,Combined,General,General-Overall,185.7,5.69,F,185.7
2012,2023,11,November,All India,Combined,General,General-Overall,186.3,5.55,F,186.3
2012,2023,10,October,All India,Combined,General,General-Overall,185.3,4.87,F,185.3
2012,2023,9,September,All India,Combined,General,General-Overall,184.1,5.02,F,184.1
2012,2023,8,August,All India,Combined,General,General-Overall,186.2,6.83,F,186.2
2012,2023,7,July,All India,Combined,General,General-Overall,186.3,7.44,F,186.3
2012,2023,6,June,All India,Combined,General,General-Overall,181.0,4.87,F,181
2012,2023,5,May,All India,Combined,General,General-Overall,179.1,4.31,F,179.1
2012,2023,4,April,All India,Combined,General,General-Overall,178.1,4.70,F,178.1
2012,2023,3,March,All India,Combined,General,General-Overall,177.2,5.66,F,177.2
2012,2023,2,February,All India,Combined,General,General-Overall,176.8,6.44,F,176.8
2012,2023,1,January,All India,Combined,General,General-Overall,176.5,6.52,F,176.5
2012,2022,12,December,All India,Combined,General,General-Overall,175.7,5.72,F,175.7
2012,2022,11,November,All India,Combined,General,General-Overall,176.5,5.88,F,176.5
2012,2022,10,October,All India,Combined,General,General-Overall,176.7,6.77,F,176.7
2012,2022,9,September,All India,Combined,General,General-Overall,175.3,7.41,F,175.3
2012,2022,8,August,All India,Combined,General,General-Overall,174.3,7.00,F,174.3
2012,2022,7,July,All India,Combined,General,General-Overall,173.4,6.71,F,173.4
2012,2022,6,June,All India,Combined,General,General-Overall,172.6,7.01,F,172.6
2012,2022,5,May,All India,Combined,General,General-Overall,171.7,7.04,F,171.7
2012,2022,4,April,All India,Combined,General,General-Overall,170.1,7.79,F,170.1
2012,2022,3,March,All India,Combined,General,General-Overall,167.7,6.95,F,167.7
2012,2022,2,February,All India,Combined,General,General-Overall,166.1,6.07,F,166.1
2012,2022,1,January,All India,Combined,General,General-Overall,165.7,6.01,F,165.7
2012,2021,12,December,All India,Combined,General,General-Overall,166.2,5.66,F,166.2
2012,2021,11,November,All India,Combined,General,General-Overall,166.7,4.91,F,166.7
2012,2021,10,October,All India,Combined,General,General-Overall,165.5,4.48,F,165.5
2012,2021,9,September,All India,Combined,General,General-Overall,163.2,4.35,F,163.2
2012,2021,8,August,All India,Combined,General,General-Overall,162.9,5.30,F,162.9
2012,2021,7,July,All India,Combined,General,General-Overall,162.5,5.59,F,162.5
2012,2021,6,June,All India,Combined,General,General-Overall,161.3,6.26,F,161.3
2012,2021,5,May,All India,Combined,General,General-Overall,160.4,6.30,F,160.4
2012,2021,4,April,All India,Combined,General,General-Overall,157.8,4.23,F,157.8
2012,2021,3,March,All India,Combined,General,General-Overall,156.8,5.52,F,156.8
2012,2021,2,February,All India,Combined,General,General-Overall,156.6,5.03,F,156.6
2012,2021,1,January,All India,Combined,General,General-Overall,156.3,4.06,F,156.3
2012,2020,12,December,All India,Combined,General,General-Overall,157.3,4.59,F,157.3
2012,2020,11,November,All India,Combined,General,General-Overall,158.9,6.93,F,158.9
2012,2020,10,October,All India,Combined,General,General-Overall,158.4,7.61,F,158.4
2012,2020,9,September,All India,Combined,General,General-Overall,156.4,7.27,F,156.4
2012,2020,8,August,All India,Combined,General,General-Overall,154.7,6.69,F,154.7
2012,2020,7,July,All India,Combined,General,General-Overall,153.9,6.73,F,153.9
2012,2020,6,June,All India,Combined,General,General-Overall,151.8,6.23,F,151.8
2012,2020,5,May,All India,Combined,General,General-Overall,150.9,,F*,150.9
2012,2020,4,April,All India,Combined,General,General-Overall,151.4,,F*,151.4
2012,2020,3,March,All India,Combined,General,General-Overall,148.6,5.84,F,148.6
2012,2020,2,February,All India,Combined,General,General-Overall,149.1,6.58,F,149.1
2012,2020,1,January,All India,Combined,General,General-Overall,150.2,7.59,F,150.2
2012,2019,12,December,All India,Combined,General,General-Overall,150.4,7.35,F,150.4
2012,2019,11,November,All India,Combined,General,General-Overall,148.6,5.54,F,148.6
2012,2019,10,October,All India,Combined,General,General-Overall,147.2,4.62,F,147.2
2012,2019,9,September,All India,Combined,General,General-Overall,145.8,3.99,F,145.8
2012,2019,8,August,All India,Combined,General,General-Overall,145.0,3.28,F,145
2012,2019,7,July,All India,Combined,General,General-Overall,144.2,3.15,F,144.2
2012,2019,6,June,All India,Combined,General,General-Overall,142.9,3.18,F,142.9
2012,2019,5,May,All India,Combined,General,General-Overall,142.0,3.05,F,142
2012,2019,4,April,All India,Combined,General,General-Overall,141.2,2.99,F,141.2
2012,2019,3,March,All India,Combined,General,General-Overall,140.4,2.86,F,140.4
2012,2019,2,February,All India,Combined,General,General-Overall,139.9,2.57,F,139.9
2012,2019,1,January,All India,Combined,General,General-Overall,139.6,1.97,F,139.6
2012,2018,12,December,All India,Combined,General,General-Overall,140.1,2.11,F,140.1
2012,2018,11,November,All India,Combined,General,General-Overall,140.8,2.33,F,140.8
2012,2018,10,October,All India,Combined,General,General-Overall,140.7,3.38,F,140.7
2012,2018,9,September,All India,Combined,General,General-Overall,140.2,3.70,F,140.2
2012,2018,8,August,All India,Combined,General,General-Overall,140.4,3.69,F,140.4
2012,2018,7,July,All India,Combined,General,General-Overall,139.8,4.17,F,139.8
2012,2018,6,June,All India,Combined,General,General-Overall,138.5,4.92,F,138.5
2012,2018,5,May,All India,Combined,General,General-Overall,137.8,4.87,F,137.8
2012,2018,4,April,All India,Combined,General,General-Overall,137.1,4.58,F,137.1
2012,2018,3,March,All India,Combined,General,General-Overall,136.5,4.28,F,136.5
2012,2018,2,February,All India,Combined,General,General-Overall,136.4,4.44,F,136.4
2012,2018,1,January,All India,Combined,General,General-Overall,136.9,5.07,F,136.9
2012,2017,12,December,All India,Combined,General,General-Overall,137.2,5.21,F,137.2
2012,2017,11,November,All India,Combined,General,General-Overall,137.6,4.88,F,137.6
2012,2017,10,October,All India,Combined,General,General-Overall,136.1,3.58,F,136.1
2012,2017,9,September,All India,Combined,General,General-Overall,135.2,3.28,F,135.2
2012,2017,8,August,All India,Combined,General,General-Overall,135.4,3.28,F,135.4
2012,2017,7,July,All India,Combined,General,General-Overall,134.2,2.36,F,134.2
2012,2017,6,June,All India,Combined,General,General-Overall,132.0,1.46,F,132
2012,2017,5,May,All India,Combined,General,General-Overall,131.4,2.18,F,131.4
2012,2017,4,April,All India,Combined,General,General-Overall,131.1,2.99,F,131.1
2012,2017,3,March,All India,Combined,General,General-Overall,130.9,3.89,F,130.9
2012,2017,2,February,All India,Combined,General,General-Overall,130.6,3.65,F,130.6
2012,2017,1,January,All India,Combined,General,General-Overall,130.3,3.17,F,130.3
2012,2016,12,December,All India,Combined,General,General-Overall,130.4,3.41,F,130.4
2012,2016,11,November,All India,Combined,General,General-Overall,131.2,3.63,F,131.2
2012,2016,10,October,All India,Combined,General,General-Overall,131.4,4.20,F,131.4
2012,2016,9,September,All India,Combined,General,General-Overall,130.9,4.39,F,130.9
2012,2016,8,August,All India,Combined,General,General-Overall,131.1,5.05,F,131.1
2012,2016,7,July,All India,Combined,General,General-Overall,131.1,6.07,F,131.1
2012,2016,6,June,All India,Combined,General,General-Overall,130.1,5.77,F,130.1
2012,2016,5,May,All India,Combined,General,General-Overall,128.6,5.76,F,128.6
2012,2016,4,April,All India,Combined,General,General-Overall,127.3,5.47,F,127.3
2012,2016,3,March,All India,Combined,General,General-Overall,126.0,4.83,F,126
2012,2016,2,February,All India,Combined,General,General-Overall,126.0,5.26,F,126
2012,2016,1,January,All India,Combined,General,General-Overall,126.3,5.69,F,126.3
2012,2015,12,December,All India,Combined,General,General-Overall,126.1,5.61,F,126.1
2012,2015,11,November,All India,Combined,General,General-Overall,126.6,5.41,F,126.6
2012,2015,10,October,All India,Combined,General,General-Overall,126.1,5.00,F,126.1
2012,2015,9,September,All India,Combined,General,General-Overall,125.4,4.41,F,125.4
2012,2015,8,August,All India,Combined,General,General-Overall,124.8,3.74,F,124.8
2012,2015,7,July,All India,Combined,General,General-Overall,123.6,3.69,F,123.6
2012,2015,6,June,All India,Combined,General,General-Overall,123.0,5.40,F,123
2012,2015,5,May,All India,Combined,General,General-Overall,121.6,5.01,F,121.6
2012,2015,4,April,All India,Combined,General,General-Overall,120.7,4.87,F,120.7
2012,2015,3,March,All India,Combined,General,General-Overall,120.2,5.25,F,120.2
2012,2015,2,February,All India,Combined,General,General-Overall,119.7,5.37,F,119.7
2012,2015,1,January,All India,Combined,General,General-Overall,119.5,5.19,F,119.5
2012,2014,12,December,All India,Combined,General,General-Overall,119.4,4.28,F,119.4
2012,2014,11,November,All India,Combined,General,General-Overall,120.1,3.27,F,120.1
2012,2014,10,October,All India,Combined,General,General-Overall,120.1,4.62,F,120.1
2012,2014,9,September,All India,Combined,General,General-Overall,120.1,5.63,F,120.1
2012,2014,8,August,All India,Combined,General,General-Overall,120.3,7.03,F,120.3
2012,2014,7,July,All India,Combined,General,General-Overall,119.2,7.39,F,119.2
2012,2014,6,June,All India,Combined,General,General-Overall,116.7,6.77,F,116.7
2012,2014,5,May,All India,Combined,General,General-Overall,115.8,8.33,F,115.8
2012,2014,4,April,All India,Combined,General,General-Overall,115.1,8.48,F,115.1
2012,2014,3,March,All India,Combined,General,General-Overall,114.2,8.25,F,114.2
2012,2014,2,February,All India,Combined,General,General-Overall,113.6,7.88,F,113.6
2012,2014,1,January,All India,Combined,General,General-Overall,113.6,8.60,F,113.6
2012,2013,12,December,All India,Combined,General,General-Overall,114.5,,F,114.5
2012,2013,11,November,All India,Combined,General,General-Overall,116.3,,F,116.3
2012,2013,10,October,All India,Combined,General,General-Overall,114.8,,F,114.8
2012,2013,9,September,All India,Combined,General,General-Overall,113.7,,F,113.7
2012,2013,8,August,All India,Combined,General,General-Overall,112.4,,F,112.4
2012,2013,7,July,All India,Combined,General,General-Overall,111.0,,F,111
2012,2013,6,June,All India,Combined,General,General-Overall,109.3,,F,109.3
2012,2013,5,May,All India,Combined,General,General-Overall,106.9,,F,106.9
2012,2013,4,April,All India,Combined,General,General-Overall,106.1,,F,106.1
2012,2013,3,March,All India,Combined,General,General-Overall,105.5,,F,105.5
2012,2013,2,February,All India,Combined,General,General-Overall,105.3,,F,105.3
2012,2013,1,January,All India,Combined,General,General-Overall,104.6,,F,104.6
